дата,цвет,число,сессия,спин,флаг
"28.02.2025, 08:48:44",black,0.1808471111058,1.0,3.0,0.0
"28.02.2025, 08:49:12",red,0.8757325274489,4.0,1.0,1.0
"28.02.2025, 08:49:39",red,0.1214277931743,4.0,2.0,0.0
"28.02.2025, 08:50:06",black,0.8363733244023,6.0,1.0,1.0
"28.02.2025, 08:50:33",black,0.4144724843233,6.0,2.0,0.0
"28.02.2025, 08:51:00",black,0.7190461002967,6.0,3.0,0.0
"28.02.2025, 08:51:27",black,0.4640106916353,6.0,4.0,0.0
"28.02.2025, 08:51:54",red,0.6573689629311,10.0,1.0,1.0
"28.02.2025, 08:52:21",black,0.8531809905188,11.0,1.0,1.0
"28.02.2025, 08:52:48",red,0.1126261285652,12.0,1.0,1.0
"28.02.2025, 08:53:15",green,0.0207443387221,13.0,1.0,1.0
"28.02.2025, 08:53:42",black,0.7028585299804,14.0,1.0,1.0
"28.02.2025, 08:54:10",red,0.7491835681927,15.0,1.0,1.0
"28.02.2025, 08:54:37",black,0.3015970526458,16.0,1.0,1.0
"28.02.2025, 08:55:04",black,0.1958880034067,16.0,2.0,0.0
"28.02.2025, 08:55:31",black,0.9724365371242,16.0,3.0,0.0
"28.02.2025, 08:55:58",black,0.4198440656175,16.0,4.0,0.0
"28.02.2025, 08:56:25",red,0.7545722409663,20.0,1.0,1.0
"28.02.2025, 08:56:52",red,0.3862951796698,20.0,2.0,0.0
"28.02.2025, 08:57:19",black,0.9767961429316,22.0,1.0,1.0
"28.02.2025, 08:57:46",red,0.379936619584,23.0,1.0,1.0
"28.02.2025, 08:58:13",red,0.2625702601142,23.0,2.0,0.0
"28.02.2025, 08:58:40",red,0.3378099899395,23.0,3.0,0.0
"28.02.2025, 08:59:07",red,0.7436768519799,23.0,4.0,0.0
"28.02.2025, 08:59:34",black,0.2861141459638,27.0,1.0,1.0
"28.02.2025, 09:00:02",green,0.0153860958046,28.0,1.0,1.0
"28.02.2025, 09:00:29",red,0.2435957646061,29.0,1.0,1.0
"28.02.2025, 09:00:56",black,0.4474039558622,30.0,1.0,1.0
"28.02.2025, 09:01:23",red,0.7971961444648,31.0,1.0,1.0
"28.02.2025, 09:01:50",black,0.4616488062596,32.0,1.0,1.0
"28.02.2025, 09:02:17",red,0.512535076185,33.0,1.0,1.0
"28.02.2025, 09:02:44",black,0.3211031018365,34.0,1.0,1.0
"28.02.2025, 09:03:11",red,0.2036206460677,35.0,1.0,1.0
"28.02.2025, 09:03:38",black,0.5850852438575,36.0,1.0,1.0
"28.02.2025, 09:04:05",red,0.7750684045753,37.0,1.0,1.0
"28.02.2025, 09:04:33",red,0.7997758213182,37.0,2.0,0.0
"28.02.2025, 09:05:00",black,0.5945665003524,39.0,1.0,1.0
"28.02.2025, 09:05:27",black,0.9567920863033,39.0,2.0,0.0
"28.02.2025, 09:05:54",red,0.930263502029,41.0,1.0,1.0
"28.02.2025, 09:06:21",red,0.7986565759002,41.0,2.0,0.0
"28.02.2025, 09:06:48",black,0.8422624818171,43.0,1.0,1.0
"28.02.2025, 09:07:15",black,0.9895755393397,43.0,2.0,0.0
"28.02.2025, 09:07:42",black,0.671665251289,43.0,3.0,0.0
"28.02.2025, 09:08:09",black,0.9650758830162,43.0,4.0,0.0
"28.02.2025, 09:08:36",black,0.1415339199661,43.0,5.0,0.0
"28.02.2025, 09:09:03",red,0.2660807321475,48.0,1.0,1.0
"28.02.2025, 09:09:30",red,0.4986101703145,48.0,2.0,0.0
"28.02.2025, 09:09:57",green,0.0221386259482,50.0,1.0,1.0
"28.02.2025, 09:10:25",red,0.790359829975,51.0,1.0,1.0
"28.02.2025, 09:10:52",red,0.1036674862355,51.0,2.0,0.0
"28.02.2025, 09:11:19",red,0.6559126334112,51.0,3.0,0.0
"28.02.2025, 09:11:46",black,0.1645589961933,54.0,1.0,1.0
"28.02.2025, 09:12:13",red,0.5268545987614,55.0,1.0,1.0
"28.02.2025, 09:12:40",red,0.5013780884537,55.0,2.0,0.0
"28.02.2025, 09:13:07",black,0.2978493688847,57.0,1.0,1.0
"28.02.2025, 09:13:34",red,0.9270916895885,58.0,1.0,1.0
"28.02.2025, 09:14:01",black,0.2924581364948,59.0,1.0,1.0
"28.02.2025, 09:14:28",black,0.2933998152087,59.0,2.0,0.0
"28.02.2025, 09:14:55",black,0.4261874340324,59.0,3.0,0.0
"28.02.2025, 09:15:22",green,0.0206997691703,62.0,1.0,1.0
"28.02.2025, 09:15:50",red,0.2607739395947,63.0,1.0,1.0
"28.02.2025, 09:16:17",red,0.2239192492586,63.0,2.0,0.0
"28.02.2025, 09:16:44",black,0.322116334123,65.0,1.0,1.0
"28.02.2025, 09:17:11",red,0.1177122061979,66.0,1.0,1.0
"28.02.2025, 09:17:38",red,0.1122359784059,66.0,2.0,0.0
"28.02.2025, 09:18:05",black,0.1769420161504,68.0,1.0,1.0
"28.02.2025, 09:18:32",black,0.8552533755752,68.0,2.0,0.0
"28.02.2025, 09:18:59",black,0.9460422598849,68.0,3.0,0.0
"28.02.2025, 09:19:26",red,0.6029407186452,71.0,1.0,1.0
"28.02.2025, 09:19:53",red,0.5236192588797,71.0,2.0,0.0
"28.02.2025, 09:20:20",red,0.3953493317844,71.0,3.0,0.0
"28.02.2025, 09:20:47",black,0.4434735701365,74.0,1.0,1.0
"28.02.2025, 09:21:15",red,0.3914674190312,75.0,1.0,1.0
"28.02.2025, 09:21:42",red,0.663271925719,75.0,2.0,0.0
"28.02.2025, 09:22:09",black,0.4401345628267,77.0,1.0,1.0
"28.02.2025, 09:22:36",black,0.8616840550431,77.0,2.0,0.0
"28.02.2025, 09:23:03",black,0.2772136300018,77.0,3.0,0.0
"28.02.2025, 09:23:30",red,0.0691028398079,80.0,1.0,1.0
"28.02.2025, 09:23:57",black,0.9366476199593,81.0,1.0,1.0
"28.02.2025, 09:24:24",red,0.0667126296949,82.0,1.0,1.0
"28.02.2025, 09:24:51",red,0.4937244987724,82.0,2.0,0.0
"28.02.2025, 09:25:18",black,0.2833040948847,84.0,1.0,1.0
"28.02.2025, 09:25:45",red,0.6108496923439,85.0,1.0,1.0
"28.02.2025, 09:26:12",green,0.0006397521508,86.0,1.0,1.0
"28.02.2025, 09:26:40",green,0.009471199024,86.0,2.0,0.0
"28.02.2025, 09:27:07",red,0.335934086389,88.0,1.0,1.0
"28.02.2025, 09:27:34",red,0.645257497477,88.0,2.0,0.0
"28.02.2025, 09:28:01",black,0.7245220567607,90.0,1.0,1.0
"28.02.2025, 09:28:28",red,0.2271603429405,91.0,1.0,1.0
"28.02.2025, 09:28:55",black,0.8222263945119,92.0,1.0,1.0
"28.02.2025, 09:29:22",red,0.7449722960117,93.0,1.0,1.0
"28.02.2025, 09:29:49",black,0.1759562706456,94.0,1.0,1.0
"28.02.2025, 09:30:16",black,0.8398694656374,94.0,2.0,0.0
"28.02.2025, 09:30:43",black,0.2765028195812,94.0,3.0,0.0
"28.02.2025, 09:31:10",black,0.5744035780362,94.0,4.0,0.0
"28.02.2025, 09:31:38",black,0.8656105085039,94.0,5.0,0.0
"28.02.2025, 09:32:05",green,0.0663280771945,99.0,1.0,1.0
"28.02.2025, 09:32:32",red,0.235142136771,100.0,1.0,1.0
"28.02.2025, 09:32:59",red,0.7515098013652,100.0,2.0,0.0
"28.02.2025, 09:33:26",red,0.887908488609,100.0,3.0,0.0
"28.02.2025, 09:33:53",red,0.6464393466094,100.0,4.0,0.0
"28.02.2025, 09:34:20",red,0.2466945714681,100.0,5.0,0.0
"28.02.2025, 09:34:47",red,0.2073602270383,100.0,6.0,0.0
"28.02.2025, 09:35:14",black,0.5692580951105,106.0,1.0,1.0
"28.02.2025, 09:35:41",red,0.6014042501249,107.0,1.0,1.0
"28.02.2025, 09:36:08",red,0.1171141162871,107.0,2.0,0.0
"28.02.2025, 09:36:36",black,0.3038908600256,109.0,1.0,1.0
"28.02.2025, 09:37:03",red,0.7372719925228,110.0,1.0,1.0
"28.02.2025, 09:37:30",red,0.2547267856231,110.0,2.0,0.0
"28.02.2025, 09:37:57",black,0.6977951754321,112.0,1.0,1.0
"28.02.2025, 09:38:24",black,0.4079851406566,112.0,2.0,0.0
"28.02.2025, 09:38:51",red,0.6030208802856,114.0,1.0,1.0
"28.02.2025, 09:39:18",black,0.4373580322206,115.0,1.0,1.0
"28.02.2025, 09:39:45",green,0.0384328449762,116.0,1.0,1.0
"28.02.2025, 09:40:12",green,0.0187369575116,116.0,2.0,0.0
"28.02.2025, 09:40:39",red,0.253341614953,118.0,1.0,1.0
"28.02.2025, 09:41:06",black,0.9714203764446,119.0,1.0,1.0
"28.02.2025, 09:41:33",red,0.8745519449885,120.0,1.0,1.0
"28.02.2025, 09:42:01",red,0.4880446588656,120.0,2.0,0.0
"28.02.2025, 09:42:28",red,0.6348722718419,120.0,3.0,0.0
"28.02.2025, 09:42:55",red,0.6209431728539,120.0,4.0,0.0
"28.02.2025, 09:43:22",black,0.8646465367418,124.0,1.0,1.0
"28.02.2025, 09:43:49",black,0.4634129168947,124.0,2.0,0.0
"28.02.2025, 09:44:16",black,0.9573514348865,124.0,3.0,0.0
"28.02.2025, 09:44:43",black,0.1948568268045,124.0,4.0,0.0
"28.02.2025, 09:45:10",red,0.2394746274963,128.0,1.0,1.0
"28.02.2025, 09:45:37",red,0.2109080075306,128.0,2.0,0.0
"28.02.2025, 09:46:04",black,0.8072992634108,130.0,1.0,1.0
"28.02.2025, 09:46:31",red,0.3432115296287,131.0,1.0,1.0
"28.02.2025, 09:46:58",black,0.6913839930477,132.0,1.0,1.0
"28.02.2025, 09:47:26",black,0.56051242508,132.0,2.0,0.0
"28.02.2025, 09:47:53",black,0.168134820608,132.0,3.0,0.0
"28.02.2025, 09:48:20",black,0.982849734208,132.0,4.0,0.0
"28.02.2025, 09:48:47",red,0.3989186183067,136.0,1.0,1.0
"28.02.2025, 09:49:14",green,0.0242323422304,137.0,1.0,1.0
"28.02.2025, 09:49:41",black,0.2834046012774,138.0,1.0,1.0
"28.02.2025, 09:50:08",red,0.0791033073321,139.0,1.0,1.0
"28.02.2025, 09:50:35",green,0.066428610148,140.0,1.0,1.0
"28.02.2025, 09:51:02",red,0.6662283588833,141.0,1.0,1.0
"28.02.2025, 09:51:29",red,0.2135929571602,141.0,2.0,0.0
"28.02.2025, 09:51:57",red,0.5094703203036,141.0,3.0,0.0
"28.02.2025, 09:52:24",red,0.8946174253373,141.0,4.0,0.0
"28.02.2025, 09:52:51",black,0.403873370791,145.0,1.0,1.0
"28.02.2025, 09:53:18",red,0.524513447951,146.0,1.0,1.0
"28.02.2025, 09:53:45",red,0.6569463825876,146.0,2.0,0.0
"28.02.2025, 09:54:12",black,0.7147127217518,148.0,1.0,1.0
"28.02.2025, 09:54:39",black,0.5838426461159,148.0,2.0,0.0
"28.02.2025, 09:55:06",red,0.9242902615812,150.0,1.0,1.0
"28.02.2025, 09:55:33",black,0.8291791969251,151.0,1.0,1.0
"28.02.2025, 09:56:00",red,0.5207194489149,152.0,1.0,1.0
"28.02.2025, 09:56:27",black,0.8596983063331,153.0,1.0,1.0
"28.02.2025, 09:56:54",black,0.2957682506987,153.0,2.0,0.0
"28.02.2025, 09:57:22",red,0.7956454656326,155.0,1.0,1.0
"28.02.2025, 09:57:49",black,0.4375400892501,156.0,1.0,1.0
"28.02.2025, 09:58:16",green,0.0334201076781,157.0,1.0,1.0
"28.02.2025, 09:58:43",black,0.7000115643288,158.0,1.0,1.0
"28.02.2025, 09:59:10",red,0.1045109258605,159.0,1.0,1.0
"28.02.2025, 09:59:37",green,0.0528826898858,160.0,1.0,1.0
"28.02.2025, 10:00:04",red,0.9209742172915,161.0,1.0,1.0
"28.02.2025, 10:00:31",red,0.3834935922947,161.0,2.0,0.0
"28.02.2025, 10:00:58",black,0.4529923091411,163.0,1.0,1.0
"28.02.2025, 10:01:25",red,0.619994832173,164.0,1.0,1.0
"28.02.2025, 10:01:52",black,0.9615087397478,165.0,1.0,1.0
"28.02.2025, 10:02:19",red,0.3395432703911,166.0,1.0,1.0
"28.02.2025, 10:02:47",black,0.3076882203987,167.0,1.0,1.0
"28.02.2025, 10:03:14",red,0.2032146312432,168.0,1.0,1.0
"28.02.2025, 10:03:41",red,0.6146691510972,168.0,2.0,0.0
"28.02.2025, 10:04:08",black,0.3279164843303,170.0,1.0,1.0
"28.02.2025, 10:04:35",red,0.637499659963,171.0,1.0,1.0
"28.02.2025, 10:05:02",red,0.7363645064855,171.0,2.0,0.0
"28.02.2025, 10:05:29",red,0.4779856309438,171.0,3.0,0.0
"28.02.2025, 10:05:56",black,0.8161780013577,174.0,1.0,1.0
"28.02.2025, 10:06:23",green,0.0442894380762,175.0,1.0,1.0
"28.02.2025, 10:06:50",red,0.3451671648099,176.0,1.0,1.0
"28.02.2025, 10:07:17",red,0.7963104833023,176.0,2.0,0.0
"28.02.2025, 10:07:44",red,0.6014064523781,176.0,3.0,0.0
"28.02.2025, 10:08:12",black,0.1674084878988,179.0,1.0,1.0
"28.02.2025, 10:08:39",red,0.5278015512887,180.0,1.0,1.0
"28.02.2025, 10:09:06",black,0.5619541589732,181.0,1.0,1.0
"28.02.2025, 10:09:33",black,0.4632874954819,181.0,2.0,0.0
"28.02.2025, 10:10:00",black,0.858203471861,181.0,3.0,0.0
"28.02.2025, 10:10:27",black,0.189007654816,181.0,4.0,0.0
"28.02.2025, 10:10:54",red,0.791824093805,185.0,1.0,1.0
"28.02.2025, 10:11:21",black,0.2878241758126,186.0,1.0,1.0
"28.02.2025, 10:11:48",red,0.8929435975264,187.0,1.0,1.0
"28.02.2025, 10:12:15",green,0.0600621573773,188.0,1.0,1.0
"28.02.2025, 10:12:42",black,0.581362373656,189.0,1.0,1.0
"28.02.2025, 10:13:10",black,0.459283065369,189.0,2.0,0.0
"28.02.2025, 10:13:37",red,0.9032472842959,191.0,1.0,1.0
"28.02.2025, 10:14:04",black,0.5543720410223,192.0,1.0,1.0
"28.02.2025, 10:14:31",red,0.4825223188417,193.0,1.0,1.0
"28.02.2025, 10:14:58",black,0.2940438803817,194.0,1.0,1.0
"28.02.2025, 10:15:25",red,0.1216763564473,195.0,1.0,1.0
"28.02.2025, 10:15:52",red,0.3624623978361,195.0,2.0,0.0
"28.02.2025, 10:16:19",red,0.1032728906325,195.0,3.0,0.0
"28.02.2025, 10:16:46",red,0.4722060645168,195.0,4.0,0.0
"28.02.2025, 10:17:13",red,0.8954277522896,195.0,5.0,0.0
"28.02.2025, 10:17:40",red,0.3874027409198,195.0,6.0,0.0
"28.02.2025, 10:18:07",black,0.4349545666308,201.0,1.0,1.0
"28.02.2025, 10:18:35",black,0.704528494673,201.0,2.0,0.0
"28.02.2025, 10:19:02",black,0.723865954086,201.0,3.0,0.0
"28.02.2025, 10:19:29",black,0.2932682899309,201.0,4.0,0.0
"28.02.2025, 10:19:56",red,0.3787268110116,205.0,1.0,1.0
"28.02.2025, 10:20:23",black,0.7267961552281,206.0,1.0,1.0
"28.02.2025, 10:20:50",red,0.2259122625811,207.0,1.0,1.0
"28.02.2025, 10:21:17",red,0.6260945619215,207.0,2.0,0.0
"28.02.2025, 10:21:44",red,0.6180623072162,207.0,3.0,0.0
"28.02.2025, 10:22:11",black,0.5648702231886,210.0,1.0,1.0
"28.02.2025, 10:22:38",black,0.3132179975497,210.0,2.0,0.0
"28.02.2025, 10:23:05",black,0.4184670174308,210.0,3.0,0.0
"28.02.2025, 10:23:32",red,0.6424278776692,213.0,1.0,1.0
"28.02.2025, 10:24:00",black,0.2954238651222,214.0,1.0,1.0
"28.02.2025, 10:24:27",red,0.6555166607652,215.0,1.0,1.0
"28.02.2025, 10:24:54",black,0.6709487072288,216.0,1.0,1.0
"28.02.2025, 10:25:21",black,0.9477329789796,216.0,2.0,0.0
"28.02.2025, 10:25:48",red,0.2188083633535,218.0,1.0,1.0
"28.02.2025, 10:26:15",red,0.3355794164174,218.0,2.0,0.0
"28.02.2025, 10:26:42",black,0.6983662714178,220.0,1.0,1.0
"28.02.2025, 10:27:09",black,0.7197719505989,220.0,2.0,0.0
"28.02.2025, 10:27:36",red,0.5275948515775,222.0,1.0,1.0
"28.02.2025, 10:28:03",black,0.1641730567222,223.0,1.0,1.0
"28.02.2025, 10:28:30",black,0.1495874142454,223.0,2.0,0.0
"28.02.2025, 10:28:57",red,0.6147002191818,225.0,1.0,1.0
"28.02.2025, 10:29:25",black,0.5370385495507,226.0,1.0,1.0
"28.02.2025, 10:29:52",black,0.5509072168931,226.0,2.0,0.0
"28.02.2025, 10:30:19",black,0.4412469884052,226.0,3.0,0.0
"28.02.2025, 10:30:46",black,0.3085584016674,226.0,4.0,0.0
"28.02.2025, 10:31:13",black,0.4112594575803,226.0,5.0,0.0
"28.02.2025, 10:31:40",black,0.9348886871684,226.0,6.0,0.0
"28.02.2025, 10:32:07",black,0.4096606615386,226.0,7.0,0.0
"28.02.2025, 10:32:34",red,0.7693035529008,233.0,1.0,1.0
"28.02.2025, 10:33:01",black,0.5725813276881,234.0,1.0,1.0
"28.02.2025, 10:33:28",black,0.5464809490071,234.0,2.0,0.0
"28.02.2025, 10:33:55",red,0.5302484746624,236.0,1.0,1.0
"28.02.2025, 10:34:22",red,0.3407361383051,236.0,2.0,0.0
"28.02.2025, 10:34:50",black,0.8155195951762,238.0,1.0,1.0
"28.02.2025, 10:35:17",black,0.3123550059238,238.0,2.0,0.0
"28.02.2025, 10:35:44",black,0.8228830594517,238.0,3.0,0.0
"28.02.2025, 10:36:11",red,0.8902735936421,241.0,1.0,1.0
"28.02.2025, 10:36:38",black,0.6735899933547,242.0,1.0,1.0
"28.02.2025, 10:37:05",green,0.0356579183351,243.0,1.0,1.0
"28.02.2025, 10:37:32",black,0.4103537109208,244.0,1.0,1.0
"28.02.2025, 10:37:59",black,0.970898896151,244.0,2.0,0.0
"28.02.2025, 10:38:26",red,0.4767485162461,246.0,1.0,1.0
"28.02.2025, 10:38:53",black,0.857790218379,247.0,1.0,1.0
"28.02.2025, 10:39:20",red,0.3464901228168,248.0,1.0,1.0
"28.02.2025, 10:39:48",black,0.9499641846983,249.0,1.0,1.0
"28.02.2025, 10:40:15",red,0.9124353408661,250.0,1.0,1.0
"28.02.2025, 10:40:42",black,0.9790709372561,251.0,1.0,1.0
"28.02.2025, 10:41:09",black,0.9748729466458,251.0,2.0,0.0
"28.02.2025, 10:41:36",red,0.7386959753563,253.0,1.0,1.0
"28.02.2025, 10:42:03",red,0.5254534506064,253.0,2.0,0.0
"28.02.2025, 10:42:30",black,0.1553929788669,255.0,1.0,1.0
"28.02.2025, 10:42:57",black,0.157833969763,255.0,2.0,0.0
"28.02.2025, 10:43:24",green,0.0144950302634,257.0,1.0,1.0
"28.02.2025, 10:43:51",black,0.1470527562802,258.0,1.0,1.0
"28.02.2025, 10:44:18",red,0.1007147838465,259.0,1.0,1.0
"28.02.2025, 10:44:46",black,0.2842377124082,260.0,1.0,1.0
"28.02.2025, 10:45:13",red,0.6092728832201,261.0,1.0,1.0
"28.02.2025, 10:45:40",black,0.5619066810515,262.0,1.0,1.0
"28.02.2025, 10:46:07",red,0.1193923965638,263.0,1.0,1.0
"28.02.2025, 10:46:34",black,0.6787523513812,264.0,1.0,1.0
"28.02.2025, 10:47:01",red,0.3905217791431,265.0,1.0,1.0
"28.02.2025, 10:47:28",black,0.1609269089653,266.0,1.0,1.0
"28.02.2025, 10:47:55",black,0.1547489798587,266.0,2.0,0.0
"28.02.2025, 10:48:22",black,0.6761997864375,266.0,3.0,0.0
"28.02.2025, 10:48:49",black,0.270909705831,266.0,4.0,0.0
"28.02.2025, 10:49:16",red,0.7637004570853,270.0,1.0,1.0
"28.02.2025, 10:49:43",black,0.4285583169177,271.0,1.0,1.0
"28.02.2025, 10:50:11",red,0.7986755805132,272.0,1.0,1.0
"28.02.2025, 10:50:38",black,0.9416806224137,273.0,1.0,1.0
"28.02.2025, 10:51:05",red,0.4871980978979,274.0,1.0,1.0
"28.02.2025, 10:51:32",red,0.3733363636084,274.0,2.0,0.0
"28.02.2025, 10:51:59",red,0.0795582321904,274.0,3.0,0.0
"28.02.2025, 10:52:26",red,0.469241004839,274.0,4.0,0.0
"28.02.2025, 10:52:53",black,0.8326491828191,278.0,1.0,1.0
"28.02.2025, 10:53:20",red,0.522162183535,279.0,1.0,1.0
"28.02.2025, 10:53:47",red,0.3959203236237,279.0,2.0,0.0
"28.02.2025, 10:54:14",red,0.1037530773932,279.0,3.0,0.0
"28.02.2025, 10:54:41",green,0.0114559331896,282.0,1.0,1.0
"28.02.2025, 10:55:09",red,0.8889859550186,283.0,1.0,1.0
"28.02.2025, 10:55:36",black,0.9872909706589,284.0,1.0,1.0
"28.02.2025, 10:56:03",black,0.8492982079099,284.0,2.0,0.0
"28.02.2025, 10:56:30",black,0.9402098169208,284.0,3.0,0.0
"28.02.2025, 10:56:57",red,0.7995709565252,287.0,1.0,1.0
"28.02.2025, 10:57:24",red,0.0737303782116,287.0,2.0,0.0
"28.02.2025, 10:57:51",green,0.0330899622604,289.0,1.0,1.0
"28.02.2025, 10:58:18",black,0.6787619329897,290.0,1.0,1.0
"28.02.2025, 10:58:45",green,0.0663012002299,291.0,1.0,1.0
"28.02.2025, 10:59:12",black,0.9750525133601,292.0,1.0,1.0
"28.02.2025, 10:59:39",red,0.3881932289004,293.0,1.0,1.0
"28.02.2025, 11:00:06",black,0.7174013658776,294.0,1.0,1.0
"28.02.2025, 11:00:34",green,0.0487886926155,295.0,1.0,1.0
"28.02.2025, 11:01:01",black,0.6922951412208,296.0,1.0,1.0
"28.02.2025, 11:01:28",red,0.7739613101438,297.0,1.0,1.0
"28.02.2025, 11:01:55",red,0.2571102158207,297.0,2.0,0.0
"28.02.2025, 11:02:22",red,0.3425300968859,297.0,3.0,0.0
"28.02.2025, 11:02:49",black,0.6866165226707,300.0,1.0,1.0
"28.02.2025, 11:03:16",red,0.1183070798066,301.0,1.0,1.0
"28.02.2025, 11:03:43",red,0.9256441745568,301.0,2.0,0.0
"28.02.2025, 11:04:10",red,0.8816606143055,301.0,3.0,0.0
"28.02.2025, 11:04:37",black,0.1806936146332,304.0,1.0,1.0
"28.02.2025, 11:05:04",red,0.3814429497852,305.0,1.0,1.0
"28.02.2025, 11:05:32",black,0.327503052429,306.0,1.0,1.0
"28.02.2025, 11:05:59",black,0.5837694497751,306.0,2.0,0.0
"28.02.2025, 11:06:26",red,0.4892939957711,308.0,1.0,1.0
"28.02.2025, 11:06:53",red,0.7504818295282,308.0,2.0,0.0
"28.02.2025, 11:07:20",red,0.6436512467425,308.0,3.0,0.0
"28.02.2025, 11:07:47",red,0.4841792201712,308.0,4.0,0.0
"28.02.2025, 11:08:14",red,0.7409093176334,308.0,5.0,0.0
"28.02.2025, 11:08:41",black,0.5872748381511,313.0,1.0,1.0
"28.02.2025, 11:09:08",red,0.1054654604079,314.0,1.0,1.0
"28.02.2025, 11:09:35",black,0.9479700377529,315.0,1.0,1.0
"28.02.2025, 11:10:02",red,0.2582578237885,316.0,1.0,1.0
"28.02.2025, 11:10:30",black,0.9889062396071,317.0,1.0,1.0
"28.02.2025, 11:10:57",red,0.6600948130176,318.0,1.0,1.0
"28.02.2025, 11:11:24",black,0.80841434763,319.0,1.0,1.0
"28.02.2025, 11:11:51",black,0.8033682219741,319.0,2.0,0.0
"28.02.2025, 11:12:18",black,0.1830774978037,319.0,3.0,0.0
"28.02.2025, 11:12:45",black,0.9619549280814,319.0,4.0,0.0
"28.02.2025, 11:13:12",black,0.2680293724805,319.0,5.0,0.0
"28.02.2025, 11:13:39",black,0.9850136112779,319.0,6.0,0.0
"28.02.2025, 11:14:06",red,0.9299850819829,325.0,1.0,1.0
"28.02.2025, 11:14:33",black,0.4222174569354,326.0,1.0,1.0
"28.02.2025, 11:15:00",red,0.889135131584,327.0,1.0,1.0
"28.02.2025, 11:15:27",red,0.6234202359594,327.0,2.0,0.0
"28.02.2025, 11:15:55",black,0.5856781496186,329.0,1.0,1.0
"28.02.2025, 11:16:22",red,0.7527650414867,330.0,1.0,1.0
"28.02.2025, 11:16:49",red,0.6420704762028,330.0,2.0,0.0
"28.02.2025, 11:17:16",red,0.0837578475164,330.0,3.0,0.0
"28.02.2025, 11:17:43",red,0.7707149993909,330.0,4.0,0.0
"28.02.2025, 11:18:10",black,0.5650884975915,334.0,1.0,1.0
"28.02.2025, 11:18:37",black,0.1938088270911,334.0,2.0,0.0
"28.02.2025, 11:19:04",black,0.7034814993364,334.0,3.0,0.0
"28.02.2025, 11:19:31",black,0.9975988307447,334.0,4.0,0.0
"28.02.2025, 11:19:58",black,0.827094441402,334.0,5.0,0.0
"28.02.2025, 11:20:25",red,0.8929908205192,339.0,1.0,1.0
"28.02.2025, 11:20:53",red,0.6613290706115,339.0,2.0,0.0
"28.02.2025, 11:21:20",black,0.9680910243251,341.0,1.0,1.0
"28.02.2025, 11:21:47",black,0.8664094910957,341.0,2.0,0.0
"28.02.2025, 11:22:14",red,0.8759251216896,343.0,1.0,1.0
"28.02.2025, 11:22:41",black,0.5864666741745,344.0,1.0,1.0
"28.02.2025, 11:23:08",black,0.9486082256631,344.0,2.0,0.0
"28.02.2025, 11:23:35",black,0.5361835770436,344.0,3.0,0.0
"28.02.2025, 11:24:02",black,0.13940552846,344.0,4.0,0.0
"28.02.2025, 11:24:29",red,0.5221431629296,348.0,1.0,1.0
"28.02.2025, 11:24:56",black,0.9433354690399,349.0,1.0,1.0
"28.02.2025, 11:25:23",red,0.7608326571556,350.0,1.0,1.0
"28.02.2025, 11:25:51",green,0.0251140137961,351.0,1.0,1.0
"28.02.2025, 11:26:18",red,0.7647215298043,352.0,1.0,1.0
"28.02.2025, 11:26:45",black,0.6782930026009,353.0,1.0,1.0
"28.02.2025, 11:27:12",red,0.8890287547168,354.0,1.0,1.0
"28.02.2025, 11:27:39",black,0.3066875063376,355.0,1.0,1.0
"28.02.2025, 11:28:06",black,0.7000920132483,355.0,2.0,0.0
"28.02.2025, 11:28:33",red,0.8908165286394,357.0,1.0,1.0
"28.02.2025, 11:29:00",red,0.7823705368233,357.0,2.0,0.0
"28.02.2025, 11:29:27",red,0.3934465929801,357.0,3.0,0.0
"28.02.2025, 11:29:54",red,0.9307050547315,357.0,4.0,0.0
"28.02.2025, 11:30:21",black,0.2749101211068,361.0,1.0,1.0
"28.02.2025, 11:30:48",red,0.8797412990382,362.0,1.0,1.0
"28.02.2025, 11:31:16",black,0.5433475612129,363.0,1.0,1.0
"28.02.2025, 11:31:43",red,0.6337061349454,364.0,1.0,1.0
"28.02.2025, 11:32:10",black,0.2750113072078,365.0,1.0,1.0
"28.02.2025, 11:32:37",red,0.9031506019131,366.0,1.0,1.0
"28.02.2025, 11:33:04",red,0.250191573892,366.0,2.0,0.0
"28.02.2025, 11:33:31",red,0.3390741749559,366.0,3.0,0.0
"28.02.2025, 11:33:58",red,0.2102116568836,366.0,4.0,0.0
"28.02.2025, 11:34:25",red,0.7824633430953,366.0,5.0,0.0
"28.02.2025, 11:34:52",red,0.363465170762,366.0,6.0,0.0
"28.02.2025, 11:35:19",red,0.0837887059188,366.0,7.0,0.0
"28.02.2025, 11:35:46",red,0.3796150699088,366.0,8.0,0.0
"28.02.2025, 11:36:14",black,0.444672643005,374.0,1.0,1.0
"28.02.2025, 11:36:41",red,0.3562741115464,375.0,1.0,1.0
"28.02.2025, 11:37:08",black,0.168340556985,376.0,1.0,1.0
"28.02.2025, 11:37:35",black,0.9466724143917,376.0,2.0,0.0
"28.02.2025, 11:38:02",black,0.7208303637206,376.0,3.0,0.0
"28.02.2025, 11:38:29",red,0.4726710160662,379.0,1.0,1.0
"28.02.2025, 11:38:56",red,0.2143648658917,379.0,2.0,0.0
"28.02.2025, 11:39:23",black,0.4118302278947,381.0,1.0,1.0
"28.02.2025, 11:39:50",black,0.7010935039223,381.0,2.0,0.0
"28.02.2025, 11:40:17",green,0.0256585524191,383.0,1.0,1.0
"28.02.2025, 11:40:44",red,0.6274140324962,384.0,1.0,1.0
"28.02.2025, 11:41:11",black,0.2871171914347,385.0,1.0,1.0
"28.02.2025, 11:41:39",black,0.1429072761379,385.0,2.0,0.0
"28.02.2025, 11:42:06",black,0.433977335747,385.0,3.0,0.0
"28.02.2025, 11:42:33",black,0.1807146182291,385.0,4.0,0.0
"28.02.2025, 11:43:00",black,0.7266146917234,385.0,5.0,0.0
"28.02.2025, 11:43:27",black,0.189498249349,385.0,6.0,0.0
"28.02.2025, 11:43:54",green,0.0460070597951,391.0,1.0,1.0
"28.02.2025, 11:44:21",green,0.0407179852324,391.0,2.0,0.0
"28.02.2025, 11:44:48",black,0.8439522416487,393.0,1.0,1.0
"28.02.2025, 11:45:15",black,0.5432984462461,393.0,2.0,0.0
"28.02.2025, 11:45:42",red,0.7858972545056,395.0,1.0,1.0
"28.02.2025, 11:46:09",red,0.6470232566227,395.0,2.0,0.0
"28.02.2025, 11:46:36",black,0.4057183198728,397.0,1.0,1.0
"28.02.2025, 11:47:04",red,0.3520020583256,398.0,1.0,1.0
"28.02.2025, 11:47:31",red,0.8955275045469,398.0,2.0,0.0
"28.02.2025, 11:47:58",red,0.0741665732263,398.0,3.0,0.0
"28.02.2025, 11:48:25",red,0.3950728861749,398.0,4.0,0.0
"28.02.2025, 11:48:52",red,0.6460845719811,398.0,5.0,0.0
"28.02.2025, 11:49:19",black,0.9707884144,403.0,1.0,1.0
"28.02.2025, 11:49:46",black,0.3126096559919,403.0,2.0,0.0
"28.02.2025, 11:50:13",black,0.8279110025297,403.0,3.0,0.0
"28.02.2025, 11:50:40",red,0.7942267229403,406.0,1.0,1.0
"28.02.2025, 11:51:07",red,0.8870606413929,406.0,2.0,0.0
"28.02.2025, 11:51:34",green,0.0467788914875,408.0,1.0,1.0
"28.02.2025, 11:52:02",red,0.4741222303752,409.0,1.0,1.0
"28.02.2025, 11:52:29",red,0.5262193938647,409.0,2.0,0.0
"28.02.2025, 11:52:56",black,0.6802267036336,411.0,1.0,1.0
"28.02.2025, 11:53:23",red,0.1050772198831,412.0,1.0,1.0
"28.02.2025, 11:53:50",red,0.8824251865908,412.0,2.0,0.0
"28.02.2025, 11:54:17",black,0.9756318676708,414.0,1.0,1.0
"28.02.2025, 11:54:44",black,0.3054530795368,414.0,2.0,0.0
"28.02.2025, 11:55:11",green,0.0604334897406,416.0,1.0,1.0
"28.02.2025, 11:55:38",black,0.1825373183529,417.0,1.0,1.0
"28.02.2025, 11:56:05",red,0.6129618482826,418.0,1.0,1.0
"28.02.2025, 11:56:32",red,0.7467587146134,418.0,2.0,0.0
"28.02.2025, 11:57:00",black,0.8132067190336,420.0,1.0,1.0
"28.02.2025, 11:57:27",red,0.3831826983641,421.0,1.0,1.0
"28.02.2025, 11:57:54",red,0.1049937178109,421.0,2.0,0.0
"28.02.2025, 11:58:21",black,0.8591728326945,423.0,1.0,1.0
"28.02.2025, 11:58:48",black,0.8580410473198,423.0,2.0,0.0
"28.02.2025, 11:59:15",red,0.91679229672,425.0,1.0,1.0
"28.02.2025, 11:59:42",black,0.937493425511,426.0,1.0,1.0
"28.02.2025, 12:00:09",green,0.0338212594056,427.0,1.0,1.0
"28.02.2025, 12:00:36",black,0.4420965632614,428.0,1.0,1.0
"28.02.2025, 12:01:03",black,0.3089589492479,428.0,2.0,0.0
"28.02.2025, 12:01:30",red,0.7376349265175,430.0,1.0,1.0
"28.02.2025, 12:01:58",red,0.7493108954763,430.0,2.0,0.0
"28.02.2025, 12:02:25",red,0.9005769858265,430.0,3.0,0.0
"28.02.2025, 12:02:52",red,0.7921538099688,430.0,4.0,0.0
"28.02.2025, 12:03:19",red,0.6136690333778,430.0,5.0,0.0
"28.02.2025, 12:03:46",red,0.2108079094278,430.0,6.0,0.0
"28.02.2025, 12:04:13",black,0.8653972198778,436.0,1.0,1.0
"28.02.2025, 12:04:40",black,0.5698654847368,436.0,2.0,0.0
"28.02.2025, 12:05:07",black,0.4620302906818,436.0,3.0,0.0
"28.02.2025, 12:05:34",red,0.6504338149591,439.0,1.0,1.0
"28.02.2025, 12:06:01",black,0.1386083092991,440.0,1.0,1.0
"28.02.2025, 12:06:28",red,0.7587481151041,441.0,1.0,1.0
"28.02.2025, 12:06:56",red,0.0995654784827,441.0,2.0,0.0
"28.02.2025, 12:07:23",black,0.6797201046314,443.0,1.0,1.0
"28.02.2025, 12:07:50",red,0.0871567111925,444.0,1.0,1.0
"28.02.2025, 12:08:17",green,0.0589688422341,445.0,1.0,1.0
"28.02.2025, 12:08:44",black,0.9859629597997,446.0,1.0,1.0
"28.02.2025, 12:09:11",red,0.2349176234646,447.0,1.0,1.0
"28.02.2025, 12:09:38",black,0.6805647534631,448.0,1.0,1.0
"28.02.2025, 12:10:05",red,0.1012427698566,449.0,1.0,1.0
"28.02.2025, 12:10:32",black,0.5492425415146,450.0,1.0,1.0
"28.02.2025, 12:10:59",red,0.8767093364434,451.0,1.0,1.0
"28.02.2025, 12:11:26",red,0.9327053403009,451.0,2.0,0.0
"28.02.2025, 12:11:53",red,0.9182840752619,451.0,3.0,0.0
"28.02.2025, 12:12:21",red,0.1202059892936,451.0,4.0,0.0
"28.02.2025, 12:12:48",black,0.8405854500668,455.0,1.0,1.0
"28.02.2025, 12:13:15",black,0.3004930883634,455.0,2.0,0.0
"28.02.2025, 12:13:42",black,0.7319063578549,455.0,3.0,0.0
"28.02.2025, 12:14:09",black,0.1465940132824,455.0,4.0,0.0
"28.02.2025, 12:14:36",red,0.8856852336525,459.0,1.0,1.0
"28.02.2025, 12:15:03",black,0.6953695815315,460.0,1.0,1.0
"28.02.2025, 12:15:30",red,0.5176610037767,461.0,1.0,1.0
"28.02.2025, 12:15:57",green,0.0608978111386,462.0,1.0,1.0
"28.02.2025, 12:16:24",black,0.8130508914226,463.0,1.0,1.0
"28.02.2025, 12:16:51",red,0.6640871863919,464.0,1.0,1.0
"28.02.2025, 12:17:19",red,0.629578694223,464.0,2.0,0.0
"28.02.2025, 12:17:46",red,0.9057047979184,464.0,3.0,0.0
"28.02.2025, 12:18:13",black,0.4191839841467,467.0,1.0,1.0
"28.02.2025, 12:18:40",black,0.1853656963503,467.0,2.0,0.0
"28.02.2025, 12:19:07",red,0.2546813356224,469.0,1.0,1.0
"28.02.2025, 12:19:34",red,0.3698970271223,469.0,2.0,0.0
"28.02.2025, 12:20:01",red,0.9127219110589,469.0,3.0,0.0
"28.02.2025, 12:20:28",red,0.6390347609927,469.0,4.0,0.0
"28.02.2025, 12:20:55",green,0.0413473406905,473.0,1.0,1.0
"28.02.2025, 12:21:22",green,0.0172932518925,473.0,2.0,0.0
"28.02.2025, 12:21:49",red,0.7430931752385,475.0,1.0,1.0
"28.02.2025, 12:22:16",black,0.595774027425,476.0,1.0,1.0
"28.02.2025, 12:22:44",black,0.4054025995464,476.0,2.0,0.0
"28.02.2025, 12:23:11",black,0.6740940793552,476.0,3.0,0.0
"28.02.2025, 12:23:38",black,0.705504924764,476.0,4.0,0.0
"28.02.2025, 12:24:05",red,0.1150456038574,480.0,1.0,1.0
"28.02.2025, 12:24:32",red,0.5109331535051,480.0,2.0,0.0
"28.02.2025, 12:24:59",red,0.6321044055371,480.0,3.0,0.0
"28.02.2025, 12:25:26",red,0.1312446385682,480.0,4.0,0.0
"28.02.2025, 12:25:53",red,0.7485390445465,480.0,5.0,0.0
"28.02.2025, 12:26:20",black,0.4350522555868,485.0,1.0,1.0
"28.02.2025, 12:26:47",red,0.4876311232258,486.0,1.0,1.0
"28.02.2025, 12:27:14",red,0.9293645317698,486.0,2.0,0.0
"28.02.2025, 12:27:41",red,0.749057327757,486.0,3.0,0.0
"28.02.2025, 12:28:09",green,0.0144016566005,489.0,1.0,1.0
"28.02.2025, 12:28:36",black,0.433199190226,490.0,1.0,1.0
"28.02.2025, 12:29:03",red,0.6113072063554,491.0,1.0,1.0
"28.02.2025, 12:29:30",red,0.1300018435614,491.0,2.0,0.0
"28.02.2025, 12:29:57",red,0.6303763338795,491.0,3.0,0.0
"28.02.2025, 12:30:24",black,0.4099611931366,494.0,1.0,1.0
"28.02.2025, 12:30:51",black,0.9570877579318,494.0,2.0,0.0
"28.02.2025, 12:31:18",black,0.839045095782,494.0,3.0,0.0
"28.02.2025, 12:31:45",red,0.7832348867925,497.0,1.0,1.0
"28.02.2025, 12:32:12",black,0.5744634417492,498.0,1.0,1.0
"28.02.2025, 12:32:39",black,0.6714524954188,498.0,2.0,0.0
"28.02.2025, 12:33:07",red,0.6293004459426,500.0,1.0,1.0
"28.02.2025, 12:33:34",black,0.1945794161854,501.0,1.0,1.0
"28.02.2025, 12:34:01",black,0.5558324859186,501.0,2.0,0.0
"28.02.2025, 12:34:28",red,0.8968200481775,503.0,1.0,1.0
"28.02.2025, 12:34:55",black,0.9724161623204,504.0,1.0,1.0
"28.02.2025, 12:35:22",black,0.6727631075301,504.0,2.0,0.0
"28.02.2025, 12:35:49",green,0.029776065287,506.0,1.0,1.0
"28.02.2025, 12:36:16",red,0.0691096268616,507.0,1.0,1.0
"28.02.2025, 12:36:43",red,0.6060039701559,507.0,2.0,0.0
"28.02.2025, 12:37:10",black,0.3184991439149,509.0,1.0,1.0
"28.02.2025, 12:37:37",red,0.1169043278192,510.0,1.0,1.0
"28.02.2025, 12:38:05",black,0.5478507490096,511.0,1.0,1.0
"28.02.2025, 12:38:32",red,0.2321287461879,512.0,1.0,1.0
"28.02.2025, 12:38:59",black,0.4266924754706,513.0,1.0,1.0
"28.02.2025, 12:39:26",green,0.0009506092826,514.0,1.0,1.0
"28.02.2025, 12:39:53",black,0.4242857578501,515.0,1.0,1.0
"28.02.2025, 12:40:20",red,0.2072134581354,516.0,1.0,1.0
"28.02.2025, 12:40:47",black,0.4573893053509,517.0,1.0,1.0
"28.02.2025, 12:41:14",black,0.6991214320377,517.0,2.0,0.0
"28.02.2025, 12:41:41",red,0.2262463011895,519.0,1.0,1.0
"28.02.2025, 12:42:08",green,0.0609578305754,520.0,1.0,1.0
"28.02.2025, 12:42:35",black,0.972479281498,521.0,1.0,1.0
"28.02.2025, 12:43:02",red,0.6155951814241,522.0,1.0,1.0
"28.02.2025, 12:43:30",red,0.774321730436,522.0,2.0,0.0
"28.02.2025, 12:43:57",red,0.88582382506,522.0,3.0,0.0
"28.02.2025, 12:44:24",red,0.6584291751068,522.0,4.0,0.0
"28.02.2025, 12:44:51",black,0.2954382602155,526.0,1.0,1.0
"28.02.2025, 12:45:18",red,0.7998131181952,527.0,1.0,1.0
"28.02.2025, 12:45:45",black,0.9977694663196,528.0,1.0,1.0
"28.02.2025, 12:46:12",red,0.4884334057988,529.0,1.0,1.0
"28.02.2025, 12:46:39",black,0.9603195089132,530.0,1.0,1.0
"28.02.2025, 12:47:06",red,0.7723621546552,531.0,1.0,1.0
"28.02.2025, 12:47:33",black,0.9371593160329,532.0,1.0,1.0
"28.02.2025, 12:48:00",red,0.5063258762079,533.0,1.0,1.0
"28.02.2025, 12:48:28",black,0.6699022385163,534.0,1.0,1.0
"28.02.2025, 12:48:55",black,0.1728785281464,534.0,2.0,0.0
"28.02.2025, 12:49:22",red,0.1105554407524,536.0,1.0,1.0
"28.02.2025, 12:49:49",red,0.8695272327271,536.0,2.0,0.0
"28.02.2025, 12:50:16",black,0.9358669831859,538.0,1.0,1.0
"28.02.2025, 12:50:43",black,0.3211312937287,538.0,2.0,0.0
"28.02.2025, 12:51:10",red,0.5318737695245,540.0,1.0,1.0
"28.02.2025, 12:51:37",red,0.1122070660123,540.0,2.0,0.0
"28.02.2025, 12:52:04",black,0.1576080891515,542.0,1.0,1.0
"28.02.2025, 12:52:31",black,0.8202281636193,542.0,2.0,0.0
"28.02.2025, 12:52:58",black,0.7284610217976,542.0,3.0,0.0
"28.02.2025, 12:53:26",black,0.4587122368781,542.0,4.0,0.0
"28.02.2025, 12:53:53",black,0.4395948745021,542.0,5.0,0.0
"28.02.2025, 12:54:20",black,0.4112883754349,542.0,6.0,0.0
"28.02.2025, 12:54:47",red,0.2563666468723,548.0,1.0,1.0
"28.02.2025, 12:55:14",red,0.3529332300639,548.0,2.0,0.0
"28.02.2025, 12:55:41",green,0.0359988324939,550.0,1.0,1.0
"28.02.2025, 12:56:08",red,0.7513750129354,551.0,1.0,1.0
"28.02.2025, 12:56:35",red,0.0862590521164,551.0,2.0,0.0
"28.02.2025, 12:57:02",black,0.2716272233009,553.0,1.0,1.0
"28.02.2025, 12:57:29",black,0.9674689856276,553.0,2.0,0.0
"28.02.2025, 12:57:56",black,0.1601550967259,553.0,3.0,0.0
"28.02.2025, 12:58:23",black,0.7103233922939,553.0,4.0,0.0
"28.02.2025, 12:58:51",green,0.0369064315282,557.0,1.0,1.0
"28.02.2025, 12:59:18",red,0.3646929256181,558.0,1.0,1.0
"28.02.2025, 12:59:45",black,0.4584304359115,559.0,1.0,1.0
"28.02.2025, 13:00:12",black,0.9715867718108,559.0,2.0,0.0
"28.02.2025, 13:00:39",black,0.9495621834186,559.0,3.0,0.0
"28.02.2025, 13:01:06",red,0.755272986344,562.0,1.0,1.0
"28.02.2025, 13:01:33",black,0.3296137469485,563.0,1.0,1.0
"28.02.2025, 13:02:00",black,0.9986482872162,563.0,2.0,0.0
"28.02.2025, 13:02:27",black,0.5345030462512,563.0,3.0,0.0
"28.02.2025, 13:02:54",red,0.6641186056995,566.0,1.0,1.0
"28.02.2025, 13:03:21",red,0.242098267876,566.0,2.0,0.0
"28.02.2025, 13:03:48",red,0.8941669657747,566.0,3.0,0.0
"28.02.2025, 13:04:16",red,0.5097935124104,566.0,4.0,0.0
"28.02.2025, 13:04:43",black,0.9375732561058,570.0,1.0,1.0
"28.02.2025, 13:05:10",red,0.6209382330749,571.0,1.0,1.0
"28.02.2025, 13:05:37",black,0.2792930065701,572.0,1.0,1.0
"28.02.2025, 13:06:04",red,0.3648329762762,573.0,1.0,1.0
"28.02.2025, 13:06:31",red,0.7636576829306,573.0,2.0,0.0
"28.02.2025, 13:06:58",black,0.4643601237402,575.0,1.0,1.0
"28.02.2025, 13:07:25",red,0.7440163744243,576.0,1.0,1.0
"28.02.2025, 13:07:52",red,0.5006025752426,576.0,2.0,0.0
"28.02.2025, 13:08:19",red,0.908536806868,576.0,3.0,0.0
"28.02.2025, 13:08:46",red,0.7943755038922,576.0,4.0,0.0
"28.02.2025, 13:09:14",red,0.1037234613817,576.0,5.0,0.0
"28.02.2025, 13:09:41",red,0.2522631425523,576.0,6.0,0.0
"28.02.2025, 13:10:08",black,0.7051875265188,582.0,1.0,1.0
"28.02.2025, 13:10:35",black,0.5948030565859,582.0,2.0,0.0
"28.02.2025, 13:11:02",red,0.0806735030774,584.0,1.0,1.0
"28.02.2025, 13:11:29",black,0.1892854484981,585.0,1.0,1.0
"28.02.2025, 13:11:56",red,0.2432562314134,586.0,1.0,1.0
"28.02.2025, 13:12:23",red,0.2627593495953,586.0,2.0,0.0
"28.02.2025, 13:12:50",black,0.9798770094509,588.0,1.0,1.0
"28.02.2025, 13:13:17",red,0.8872968336033,589.0,1.0,1.0
"28.02.2025, 13:13:44",red,0.2478975522722,589.0,2.0,0.0
"28.02.2025, 13:14:11",black,0.3205691102827,591.0,1.0,1.0
"28.02.2025, 13:14:39",black,0.1710047310121,591.0,2.0,0.0
"28.02.2025, 13:15:06",black,0.4026270526249,591.0,3.0,0.0
"28.02.2025, 13:15:33",black,0.4300620732339,591.0,4.0,0.0
"28.02.2025, 13:16:00",red,0.215952258083,595.0,1.0,1.0
"28.02.2025, 13:16:27",black,0.1605161562989,596.0,1.0,1.0
"28.02.2025, 13:16:54",black,0.2793960820508,596.0,2.0,0.0
"28.02.2025, 13:17:21",black,0.9505655975461,596.0,3.0,0.0
"28.02.2025, 13:17:48",red,0.0785181016359,599.0,1.0,1.0
"28.02.2025, 13:18:15",black,0.4118824194693,600.0,1.0,1.0
"28.02.2025, 13:18:42",black,0.1479811537748,600.0,2.0,0.0
"28.02.2025, 13:19:09",red,0.7753469831202,602.0,1.0,1.0
"28.02.2025, 13:19:37",red,0.3606336788925,602.0,2.0,0.0
"28.02.2025, 13:20:04",black,0.4241546850469,604.0,1.0,1.0
"28.02.2025, 13:20:31",black,0.859037215116,604.0,2.0,0.0
"28.02.2025, 13:20:58",red,0.2389660339745,606.0,1.0,1.0
"28.02.2025, 13:21:25",red,0.5233782547445,606.0,2.0,0.0
"28.02.2025, 13:21:52",red,0.8789971616653,606.0,3.0,0.0
"28.02.2025, 13:22:19",red,0.5301410772239,606.0,4.0,0.0
"28.02.2025, 13:22:46",black,0.1454505326526,610.0,1.0,1.0
"28.02.2025, 13:23:13",red,0.1266759647396,611.0,1.0,1.0
"28.02.2025, 13:23:40",black,0.4387594442454,612.0,1.0,1.0
"28.02.2025, 13:24:07",black,0.2860651221106,612.0,2.0,0.0
"28.02.2025, 13:24:35",red,0.5057808331029,614.0,1.0,1.0
"28.02.2025, 13:25:02",black,0.2959976032931,615.0,1.0,1.0
"28.02.2025, 13:25:29",black,,615.0,2.0,0.0
"28.02.2025, 13:25:56",green,0.0525932434398,617.0,1.0,1.0
"28.02.2025, 13:26:23",black,0.9364718963028,618.0,1.0,1.0
"28.02.2025, 13:26:50",green,0.0018955812876,619.0,1.0,1.0
"28.02.2025, 13:27:17",black,0.9988206405,620.0,1.0,1.0
"28.02.2025, 13:27:44",red,0.8694369950314,621.0,1.0,1.0
"28.02.2025, 13:28:11",red,0.4767323307627,621.0,2.0,0.0
"28.02.2025, 13:28:38",green,0.0184582719049,623.0,1.0,1.0
"28.02.2025, 13:29:05",black,0.5827720951826,624.0,1.0,1.0
"28.02.2025, 13:29:33",red,0.4746425868392,625.0,1.0,1.0
"28.02.2025, 13:30:00",red,0.2659262362426,625.0,2.0,0.0
"28.02.2025, 13:30:27",red,0.9201245545932,625.0,3.0,0.0
"28.02.2025, 13:30:54",black,0.9432360081597,628.0,1.0,1.0
"28.02.2025, 13:31:21",black,0.9384611289141,628.0,2.0,0.0
"28.02.2025, 13:31:48",red,0.6350199056458,630.0,1.0,1.0
"28.02.2025, 13:32:15",black,0.1673737155432,631.0,1.0,1.0
"28.02.2025, 13:32:42",black,0.5386703992276,631.0,2.0,0.0
"28.02.2025, 13:33:09",red,0.2164140876262,633.0,1.0,1.0
"28.02.2025, 13:33:36",black,0.4450268219762,634.0,1.0,1.0
"28.02.2025, 13:34:03",black,0.4561335826857,634.0,2.0,0.0
"28.02.2025, 13:34:30",black,0.1606098861176,634.0,3.0,0.0
"28.02.2025, 13:34:58",black,0.8095898371406,634.0,4.0,0.0
"28.02.2025, 13:35:25",red,0.391787906274,638.0,1.0,1.0
"28.02.2025, 13:35:52",red,0.78512227521,638.0,2.0,0.0
"28.02.2025, 13:36:19",black,0.1830153930992,640.0,1.0,1.0
"28.02.2025, 13:36:46",red,0.0744045411447,641.0,1.0,1.0
"28.02.2025, 13:37:13",black,0.959854448686,642.0,1.0,1.0
"28.02.2025, 13:37:40",black,0.3039245446025,642.0,2.0,0.0
"28.02.2025, 13:38:07",black,0.4341216191038,642.0,3.0,0.0
"28.02.2025, 13:38:34",black,0.1501976856497,642.0,4.0,0.0
"28.02.2025, 13:39:01",black,0.1476882760482,642.0,5.0,0.0
"28.02.2025, 13:39:28",black,0.4274687352386,642.0,6.0,0.0
"28.02.2025, 13:39:55",red,0.9165399392187,648.0,1.0,1.0
"28.02.2025, 13:40:23",black,0.2851022027192,649.0,1.0,1.0
"28.02.2025, 13:40:50",black,0.4052903880253,649.0,2.0,0.0
"28.02.2025, 13:41:17",black,0.6923462615809,649.0,3.0,0.0
"28.02.2025, 13:41:44",black,0.6836838970971,649.0,4.0,0.0
"28.02.2025, 13:42:11",red,0.6049796983011,653.0,1.0,1.0
"28.02.2025, 13:42:38",red,0.2294043746517,653.0,2.0,0.0
"28.02.2025, 13:43:05",red,0.4863081985507,653.0,3.0,0.0
"28.02.2025, 13:43:32",green,0.0548843812485,656.0,1.0,1.0
"28.02.2025, 13:43:59",black,0.7057542485867,657.0,1.0,1.0
"28.02.2025, 13:44:26",red,0.0878940938017,658.0,1.0,1.0
"28.02.2025, 13:44:53",black,0.7327128690862,659.0,1.0,1.0
"28.02.2025, 13:45:21",green,0.0179334931729,660.0,1.0,1.0
"28.02.2025, 13:45:48",red,0.4740068626858,661.0,1.0,1.0
"28.02.2025, 13:46:15",red,0.5177499850976,661.0,2.0,0.0
"28.02.2025, 13:46:42",black,0.970670786933,663.0,1.0,1.0
"28.02.2025, 13:47:09",black,0.8009735645496,663.0,2.0,0.0
"28.02.2025, 13:47:36",red,0.080377560893,665.0,1.0,1.0
"28.02.2025, 13:48:03",red,0.1231038443573,665.0,2.0,0.0
"28.02.2025, 13:48:30",black,0.4308359682175,667.0,1.0,1.0
"28.02.2025, 13:48:57",red,0.6254750509904,668.0,1.0,1.0
"28.02.2025, 13:49:24",green,0.0533834999493,669.0,1.0,1.0
"28.02.2025, 13:49:51",red,0.4783213374603,670.0,1.0,1.0
"28.02.2025, 13:50:18",black,0.6972085606572,671.0,1.0,1.0
"28.02.2025, 13:50:46",red,0.4709474237593,672.0,1.0,1.0
"28.02.2025, 13:51:13",black,0.9799438091245,673.0,1.0,1.0
"28.02.2025, 13:51:40",red,0.239715731893,674.0,1.0,1.0
"28.02.2025, 13:52:07",black,0.2727733006725,675.0,1.0,1.0
"28.02.2025, 13:52:34",black,0.9784870109031,675.0,2.0,0.0
"28.02.2025, 13:53:01",red,0.6134890998881,677.0,1.0,1.0
"28.02.2025, 13:53:28",red,0.2370291572661,677.0,2.0,0.0
"28.02.2025, 13:53:55",black,0.5567345059226,679.0,1.0,1.0
"28.02.2025, 13:54:22",black,0.8331978553192,679.0,2.0,0.0
"28.02.2025, 13:54:49",black,0.9898292513109,679.0,3.0,0.0
"28.02.2025, 13:55:17",black,0.7179698240188,679.0,4.0,0.0
"28.02.2025, 13:55:44",red,0.1042116092302,683.0,1.0,1.0
"28.02.2025, 13:56:11",red,0.0947120782543,683.0,2.0,0.0
"28.02.2025, 13:56:38",black,0.1374601348685,685.0,1.0,1.0
"28.02.2025, 13:57:05",black,0.4285708564461,685.0,2.0,0.0
"28.02.2025, 13:57:32",red,0.8863780773756,687.0,1.0,1.0
"28.02.2025, 13:57:59",red,0.6431590347817,687.0,2.0,0.0
"28.02.2025, 13:58:26",red,0.0917413623857,687.0,3.0,0.0
"28.02.2025, 13:58:53",red,0.6386005593572,687.0,4.0,0.0
"28.02.2025, 13:59:20",black,0.834976751726,691.0,1.0,1.0
"28.02.2025, 13:59:47",black,0.2850935883784,691.0,2.0,0.0
"28.02.2025, 14:00:15",red,0.13303503646,693.0,1.0,1.0
"28.02.2025, 14:00:42",black,0.5615630487408,694.0,1.0,1.0
"28.02.2025, 14:01:09",green,0.0403533974496,695.0,1.0,1.0
"28.02.2025, 14:01:36",red,0.3356457473868,696.0,1.0,1.0
"28.02.2025, 14:02:03",green,0.0532509639065,697.0,1.0,1.0
"28.02.2025, 14:02:30",red,0.7333606778314,698.0,1.0,1.0
"28.02.2025, 14:02:57",black,0.8036539520447,699.0,1.0,1.0
"28.02.2025, 14:03:24",black,0.5345465409421,699.0,2.0,0.0
"28.02.2025, 14:03:51",red,0.6189636996839,701.0,1.0,1.0
"28.02.2025, 14:04:18",black,0.4200772322599,702.0,1.0,1.0
"28.02.2025, 14:04:45",black,0.7091555505668,702.0,2.0,0.0
"28.02.2025, 14:05:12",black,0.1968592989354,702.0,3.0,0.0
"28.02.2025, 14:05:40",red,0.1133805882076,705.0,1.0,1.0
"28.02.2025, 14:06:07",black,0.1335072853162,706.0,1.0,1.0
"28.02.2025, 14:06:34",black,0.7159936920102,706.0,2.0,0.0
"28.02.2025, 14:07:01",red,0.23352965009,708.0,1.0,1.0
"28.02.2025, 14:07:28",red,0.871922239153,708.0,2.0,0.0
"28.02.2025, 14:07:55",black,0.6789507793569,710.0,1.0,1.0
"28.02.2025, 14:08:22",black,0.4630191984905,710.0,2.0,0.0
"28.02.2025, 14:08:49",red,0.8752808163045,712.0,1.0,1.0
"28.02.2025, 14:09:16",red,0.083672363138,712.0,2.0,0.0
"28.02.2025, 14:09:43",red,0.7764747266513,712.0,3.0,0.0
"28.02.2025, 14:10:10",black,0.9446623016536,715.0,1.0,1.0
"28.02.2025, 14:10:38",black,0.6827684015184,715.0,2.0,0.0
"28.02.2025, 14:11:05",red,0.6535098367331,717.0,1.0,1.0
"28.02.2025, 14:11:32",black,0.5921342456202,718.0,1.0,1.0
"28.02.2025, 14:11:59",red,0.6439492385358,719.0,1.0,1.0
"28.02.2025, 14:12:26",black,0.185731645011,720.0,1.0,1.0
"28.02.2025, 14:12:53",red,0.5299941257235,721.0,1.0,1.0
"28.02.2025, 14:13:20",black,0.8049866868178,722.0,1.0,1.0
"28.02.2025, 14:13:47",black,0.9887114005466,722.0,2.0,0.0
"28.02.2025, 14:14:14",red,0.901800979236,724.0,1.0,1.0
"28.02.2025, 14:14:41",red,0.7392166945757,724.0,2.0,0.0
"28.02.2025, 14:15:08",black,0.9935520329858,726.0,1.0,1.0
"28.02.2025, 14:15:35",black,0.9547088645933,726.0,2.0,0.0
"28.02.2025, 14:16:03",red,0.222584959514,728.0,1.0,1.0
"28.02.2025, 14:16:30",black,0.329428884353,729.0,1.0,1.0
"28.02.2025, 14:16:57",red,0.7969000409186,730.0,1.0,1.0
"28.02.2025, 14:17:24",red,0.1327323039926,730.0,2.0,0.0
"28.02.2025, 14:17:51",red,0.21626861028,730.0,3.0,0.0
"28.02.2025, 14:18:18",red,0.5100607561918,730.0,4.0,0.0
"28.02.2025, 14:18:45",red,0.7515315121692,730.0,5.0,0.0
"28.02.2025, 14:19:12",red,0.0676516866674,730.0,6.0,0.0
"28.02.2025, 14:19:39",red,0.48012524478,730.0,7.0,0.0
"28.02.2025, 14:20:06",red,0.4784110613699,730.0,8.0,0.0
"28.02.2025, 14:20:33",red,0.2434337641295,730.0,9.0,0.0
"28.02.2025, 14:21:01",red,0.3653957627228,730.0,10.0,0.0
"28.02.2025, 14:21:28",red,0.6344729648003,730.0,11.0,0.0
"28.02.2025, 14:21:55",black,0.5881136702335,741.0,1.0,1.0
"28.02.2025, 14:22:22",red,0.5286753016347,742.0,1.0,1.0
"28.02.2025, 14:22:49",black,0.5459042652948,743.0,1.0,1.0
"28.02.2025, 14:23:16",black,0.1393813198964,743.0,2.0,0.0
"28.02.2025, 14:23:43",black,0.4564485051982,743.0,3.0,0.0
"28.02.2025, 14:24:10",red,0.1257077728306,746.0,1.0,1.0
"28.02.2025, 14:24:37",black,0.4233639895155,747.0,1.0,1.0
"28.02.2025, 14:25:04",black,0.8066317927867,747.0,2.0,0.0
"28.02.2025, 14:25:31",black,0.465499447165,747.0,3.0,0.0
"28.02.2025, 14:25:59",red,0.6649407206679,750.0,1.0,1.0
"28.02.2025, 14:26:26",red,0.0771450525584,750.0,2.0,0.0
"28.02.2025, 14:26:53",black,0.2738041371548,752.0,1.0,1.0
"28.02.2025, 14:27:20",black,0.5697336004231,752.0,2.0,0.0
"28.02.2025, 14:27:47",black,0.4131521207838,752.0,3.0,0.0
"28.02.2025, 14:28:14",black,0.7322153623785,752.0,4.0,0.0
"28.02.2025, 14:28:41",red,0.4801117669414,756.0,1.0,1.0
"28.02.2025, 14:29:08",black,0.8450875089211,757.0,1.0,1.0
"28.02.2025, 14:29:35",black,0.5580274874402,757.0,2.0,0.0
"28.02.2025, 14:30:02",red,0.9150696608971,759.0,1.0,1.0
"28.02.2025, 14:30:29",green,0.0045097740688,760.0,1.0,1.0
"28.02.2025, 14:30:56",black,0.9812412518505,761.0,1.0,1.0
"28.02.2025, 14:31:24",black,0.6888873301381,761.0,2.0,0.0
"28.02.2025, 14:31:51",red,0.7465021309416,763.0,1.0,1.0
"28.02.2025, 14:32:18",red,0.7816079297913,763.0,2.0,0.0
"28.02.2025, 14:32:45",red,0.9103488569256,763.0,3.0,0.0
"28.02.2025, 14:33:12",red,0.9325335923344,763.0,4.0,0.0
"28.02.2025, 14:33:39",red,0.7438867728221,763.0,5.0,0.0
"28.02.2025, 14:34:06",red,0.3927880082596,763.0,6.0,0.0
"28.02.2025, 14:34:33",black,0.1649868127553,769.0,1.0,1.0
"28.02.2025, 14:35:00",black,0.3248139105382,769.0,2.0,0.0
"28.02.2025, 14:35:27",black,0.1443705991525,769.0,3.0,0.0
"28.02.2025, 14:35:54",black,0.8664497431401,769.0,4.0,0.0
"28.02.2025, 14:36:21",black,0.1896469538831,769.0,5.0,0.0
"28.02.2025, 14:36:49",red,0.3522575738868,774.0,1.0,1.0
"28.02.2025, 14:37:16",black,0.9666581264983,775.0,1.0,1.0
"28.02.2025, 14:37:43",black,0.4287995152517,775.0,2.0,0.0
"28.02.2025, 14:38:10",black,0.9539466006032,775.0,3.0,0.0
"28.02.2025, 14:38:37",green,0.0262291579482,778.0,1.0,1.0
"28.02.2025, 14:39:04",black,0.144108071346,779.0,1.0,1.0
"28.02.2025, 14:39:31",black,0.5678302574207,779.0,2.0,0.0
"28.02.2025, 14:39:58",red,0.2554701916126,781.0,1.0,1.0
"28.02.2025, 14:40:25",black,0.8242744513186,782.0,1.0,1.0
"28.02.2025, 14:40:52",black,0.4008960433966,782.0,2.0,0.0
"28.02.2025, 14:41:19",black,0.8342335377126,782.0,3.0,0.0
"28.02.2025, 14:41:46",black,0.4141351779565,782.0,4.0,0.0
"28.02.2025, 14:42:14",black,0.9585720432724,782.0,5.0,0.0
"28.02.2025, 14:42:41",black,0.1721861206338,782.0,6.0,0.0
"28.02.2025, 14:43:08",black,0.1634467917156,782.0,7.0,0.0
"28.02.2025, 14:43:35",red,0.2344512046579,789.0,1.0,1.0
"28.02.2025, 14:44:02",red,0.215293170567,789.0,2.0,0.0
"28.02.2025, 14:44:29",red,0.9095242285509,789.0,3.0,0.0
"28.02.2025, 14:44:56",red,0.4864904739753,789.0,4.0,0.0
"28.02.2025, 14:45:23",red,0.1174081734934,789.0,5.0,0.0
"28.02.2025, 14:45:50",black,0.8565694479089,794.0,1.0,1.0
"28.02.2025, 14:46:17",black,0.5953600263968,794.0,2.0,0.0
"28.02.2025, 14:46:44",black,0.5889231816052,794.0,3.0,0.0
"28.02.2025, 14:47:12",red,0.3523454419488,797.0,1.0,1.0
"28.02.2025, 14:47:39",green,0.0656339213791,798.0,1.0,1.0
"28.02.2025, 14:48:06",red,0.6133857937596,799.0,1.0,1.0
"28.02.2025, 14:48:33",black,0.1804915771585,800.0,1.0,1.0
"28.02.2025, 14:49:00",red,0.1304127111889,801.0,1.0,1.0
"28.02.2025, 14:49:27",red,0.1081504075563,801.0,2.0,0.0
"28.02.2025, 14:49:54",red,0.6488416373635,801.0,3.0,0.0
"28.02.2025, 14:50:21",red,0.211001248662,801.0,4.0,0.0
"28.02.2025, 14:50:48",black,0.6752654707391,805.0,1.0,1.0
"28.02.2025, 14:51:15",red,0.7883820664464,806.0,1.0,1.0
"28.02.2025, 14:51:42",black,0.4177720162092,807.0,1.0,1.0
"28.02.2025, 14:52:10",black,0.839937896172,807.0,2.0,0.0
"28.02.2025, 14:52:37",black,0.1935198644759,807.0,3.0,0.0
"28.02.2025, 14:53:04",black,0.4124397568968,807.0,4.0,0.0
"28.02.2025, 14:53:31",black,0.3285325723585,807.0,5.0,0.0
"28.02.2025, 14:53:58",black,0.2877222829399,807.0,6.0,0.0
"28.02.2025, 14:54:25",red,0.9228846990177,813.0,1.0,1.0
"28.02.2025, 14:54:52",red,0.6545691236269,813.0,2.0,0.0
"28.02.2025, 14:55:19",green,0.0533023462874,815.0,1.0,1.0
"28.02.2025, 14:55:46",red,0.3920095093548,816.0,1.0,1.0
"28.02.2025, 14:56:13",black,0.7093291108461,817.0,1.0,1.0
"28.02.2025, 14:56:40",red,0.3344932123152,818.0,1.0,1.0
"28.02.2025, 14:57:07",red,0.0703409871638,818.0,2.0,0.0
"28.02.2025, 14:57:35",black,0.3126386898561,820.0,1.0,1.0
"28.02.2025, 14:58:02",red,0.3633302795873,821.0,1.0,1.0
"28.02.2025, 14:58:29",red,0.2440555217623,821.0,2.0,0.0
"28.02.2025, 14:58:56",black,0.149123668469,823.0,1.0,1.0
"28.02.2025, 14:59:23",green,0.0045516675222,824.0,1.0,1.0
"28.02.2025, 14:59:50",black,0.9640161884787,825.0,1.0,1.0
"28.02.2025, 15:00:17",black,0.5980794209652,825.0,2.0,0.0
"28.02.2025, 15:00:44",black,0.8624102068758,825.0,3.0,0.0
"28.02.2025, 15:01:11",red,0.9166822165943,828.0,1.0,1.0
"28.02.2025, 15:01:38",black,0.9641205697377,829.0,1.0,1.0
"28.02.2025, 15:02:05",black,0.1945039147285,829.0,2.0,0.0
"28.02.2025, 15:02:33",red,0.2068606325852,831.0,1.0,1.0
"28.02.2025, 15:03:00",red,0.7548087781714,831.0,2.0,0.0
"28.02.2025, 15:03:27",red,0.5221921497863,831.0,3.0,0.0
"28.02.2025, 15:03:54",black,0.2710757274189,834.0,1.0,1.0
"28.02.2025, 15:04:21",black,0.321404659615,834.0,2.0,0.0
"28.02.2025, 15:04:48",red,0.2330720323593,836.0,1.0,1.0
"28.02.2025, 15:05:15",red,0.0730509072992,836.0,2.0,0.0
"28.02.2025, 15:05:42",black,0.6814530090918,838.0,1.0,1.0
"28.02.2025, 15:06:09",red,0.1060129107242,839.0,1.0,1.0
"28.02.2025, 15:06:36",red,0.2093618442101,839.0,2.0,0.0
"28.02.2025, 15:07:03",red,0.9006377105199,839.0,3.0,0.0
"28.02.2025, 15:07:31",black,0.3115619702644,842.0,1.0,1.0
"28.02.2025, 15:07:58",red,0.9085676248501,843.0,1.0,1.0
"28.02.2025, 15:08:25",black,0.5547972024286,844.0,1.0,1.0
"28.02.2025, 15:08:52",red,0.737983990545,845.0,1.0,1.0
"28.02.2025, 15:09:19",red,0.3958408849759,845.0,2.0,0.0
"28.02.2025, 15:09:46",black,0.427772718142,847.0,1.0,1.0
"28.02.2025, 15:10:13",black,0.9564985367419,847.0,2.0,0.0
"28.02.2025, 15:10:40",red,0.8818172936934,849.0,1.0,1.0
"28.02.2025, 15:11:07",red,0.6346860710072,849.0,2.0,0.0
"28.02.2025, 15:11:34",red,0.0860592132489,849.0,3.0,0.0
"28.02.2025, 15:12:01",red,0.6651254974479,849.0,4.0,0.0
"28.02.2025, 15:12:28",red,0.5185906692373,849.0,5.0,0.0
"28.02.2025, 15:12:56",black,0.5874831838293,854.0,1.0,1.0
"28.02.2025, 15:13:23",red,0.2421058701248,855.0,1.0,1.0
"28.02.2025, 15:13:50",red,0.9111983691587,855.0,2.0,0.0
"28.02.2025, 15:14:17",red,0.7702248415091,855.0,3.0,0.0
"28.02.2025, 15:14:44",red,0.7922428966185,855.0,4.0,0.0
"28.02.2025, 15:15:11",black,0.5827970949034,859.0,1.0,1.0
"28.02.2025, 15:15:38",black,0.956905585931,859.0,2.0,0.0
"28.02.2025, 15:16:05",green,0.0335303778259,861.0,1.0,1.0
"28.02.2025, 15:16:32",black,0.1728416352937,862.0,1.0,1.0
"28.02.2025, 15:16:59",red,0.9133734419239,863.0,1.0,1.0
"28.02.2025, 15:17:26",black,0.5385307215993,864.0,1.0,1.0
"28.02.2025, 15:17:53",red,0.2629828758355,865.0,1.0,1.0
"28.02.2025, 15:18:20",green,0.0276660868149,866.0,1.0,1.0
"28.02.2025, 15:18:48",red,0.2303083569241,867.0,1.0,1.0
"28.02.2025, 15:19:15",red,0.1032302792465,867.0,2.0,0.0
"28.02.2025, 15:19:42",green,0.01893755462,869.0,1.0,1.0
"28.02.2025, 15:20:09",black,0.5760816693144,870.0,1.0,1.0
"28.02.2025, 15:20:36",red,0.8846575588296,871.0,1.0,1.0
"28.02.2025, 15:21:03",black,0.8572076544247,872.0,1.0,1.0
"28.02.2025, 15:21:30",red,0.6636411053188,873.0,1.0,1.0
"28.02.2025, 15:21:57",red,0.3515753346039,873.0,2.0,0.0
"28.02.2025, 15:22:24",red,0.1153222202008,873.0,3.0,0.0
"28.02.2025, 15:22:51",red,0.7979021572535,873.0,4.0,0.0
"28.02.2025, 15:23:18",black,0.99804133678,877.0,1.0,1.0
"28.02.2025, 15:23:46",red,0.356308502557,878.0,1.0,1.0
"28.02.2025, 15:24:13",black,0.3187265438398,879.0,1.0,1.0
"28.02.2025, 15:24:40",black,0.3064158049409,879.0,2.0,0.0
"28.02.2025, 15:25:07",red,0.6656847473427,881.0,1.0,1.0
"28.02.2025, 15:25:34",black,0.4447746412699,882.0,1.0,1.0
"28.02.2025, 15:26:01",black,0.9579983757039,882.0,2.0,0.0
"28.02.2025, 15:26:28",black,0.7258216316629,882.0,3.0,0.0
"28.02.2025, 15:26:55",black,0.3259545864742,882.0,4.0,0.0
"28.02.2025, 15:27:22",black,0.1579477287365,882.0,5.0,0.0
"28.02.2025, 15:27:49",black,0.8112660418715,882.0,6.0,0.0
